"generation","genome","accuracy","training_time","fitness","layer","type","units","activation"
0,0,0.3921000063419342,14.539470195770264,0.38483027124404906,2,"Dense",17,"relu"
0,0,0.3921000063419342,14.539470195770264,0.38483027124404906,3,"Dense",10,"relu"
0,0,0.3921000063419342,14.539470195770264,0.38483027124404906,5,"Dense",10,"softmax"
0,1,0.22190000116825104,49.2070848941803,0.1972964587211609,2,"Dense",8,"relu"
0,1,0.22190000116825104,49.2070848941803,0.1972964587211609,3,"Dense",27,"relu"
0,1,0.22190000116825104,49.2070848941803,0.1972964587211609,4,"Dense",9,"relu"
0,1,0.22190000116825104,49.2070848941803,0.1972964587211609,5,"Dense",10,"softmax"
0,2,0.44369998574256897,14.924505472183228,0.43623773300647734,2,"Dense",9,"relu"
0,2,0.44369998574256897,14.924505472183228,0.43623773300647734,3,"Dense",15,"relu"
0,2,0.44369998574256897,14.924505472183228,0.43623773300647734,4,"Dense",23,"relu"
0,2,0.44369998574256897,14.924505472183228,0.43623773300647734,5,"Dense",22,"relu"
0,2,0.44369998574256897,14.924505472183228,0.43623773300647734,7,"Dense",10,"softmax"
0,3,0.4832000136375427,18.156095266342163,0.4741219660043716,2,"Dense",11,"relu"
0,3,0.4832000136375427,18.156095266342163,0.4741219660043716,3,"Dense",32,"relu"
0,3,0.4832000136375427,18.156095266342163,0.4741219660043716,4,"Dense",10,"softmax"
0,4,0.44190001487731934,14.987215280532837,0.4344064072370529,2,"Dense",13,"relu"
0,4,0.44190001487731934,14.987215280532837,0.4344064072370529,3,"Dense",27,"relu"
0,4,0.44190001487731934,14.987215280532837,0.4344064072370529,4,"Dense",31,"relu"
0,4,0.44190001487731934,14.987215280532837,0.4344064072370529,6,"Dense",10,"softmax"
0,5,0.46459999680519104,18.55956768989563,0.4553202129602432,2,"Dense",11,"relu"
0,5,0.46459999680519104,18.55956768989563,0.4553202129602432,3,"Dense",21,"relu"
0,5,0.46459999680519104,18.55956768989563,0.4553202129602432,5,"Dense",32,"relu"
0,5,0.46459999680519104,18.55956768989563,0.4553202129602432,6,"Dense",24,"relu"
0,5,0.46459999680519104,18.55956768989563,0.4553202129602432,7,"Dense",14,"relu"
0,5,0.46459999680519104,18.55956768989563,0.4553202129602432,8,"Dense",10,"softmax"
0,6,0.39399999380111694,25.715404510498047,0.38114229154586793,2,"Dense",15,"relu"
0,6,0.39399999380111694,25.715404510498047,0.38114229154586793,3,"Dense",27,"relu"
0,6,0.39399999380111694,25.715404510498047,0.38114229154586793,4,"Dense",13,"relu"
0,6,0.39399999380111694,25.715404510498047,0.38114229154586793,5,"Dense",20,"relu"
0,6,0.39399999380111694,25.715404510498047,0.38114229154586793,7,"Dense",10,"softmax"
0,7,0.349700003862381,30.255633115768433,0.3345721873044968,2,"Dense",16,"relu"
0,7,0.349700003862381,30.255633115768433,0.3345721873044968,3,"Dense",16,"relu"
0,7,0.349700003862381,30.255633115768433,0.3345721873044968,4,"Dense",15,"relu"
0,7,0.349700003862381,30.255633115768433,0.3345721873044968,5,"Dense",19,"relu"
0,7,0.349700003862381,30.255633115768433,0.3345721873044968,6,"Dense",9,"relu"
0,7,0.349700003862381,30.255633115768433,0.3345721873044968,8,"Dense",10,"softmax"
1,0,0.41370001435279846,50.70983934402466,0.38834509468078615,2,"Dense",11,"relu"
1,0,0.41370001435279846,50.70983934402466,0.38834509468078615,3,"Dense",32,"relu"
1,0,0.41370001435279846,50.70983934402466,0.38834509468078615,4,"Dense",8,"relu"
1,0,0.41370001435279846,50.70983934402466,0.38834509468078615,5,"Dense",10,"softmax"
1,1,0.5313000082969666,26.429006099700928,0.518085505247116,2,"Dense",14,"relu"
1,1,0.5313000082969666,26.429006099700928,0.518085505247116,3,"Dense",30,"relu"
1,1,0.5313000082969666,26.429006099700928,0.518085505247116,4,"Dense",17,"relu"
1,1,0.5313000082969666,26.429006099700928,0.518085505247116,5,"Dense",20,"relu"
1,1,0.5313000082969666,26.429006099700928,0.518085505247116,7,"Dense",10,"softmax"
1,2,0.47429999709129333,25.17255425453186,0.4617137199640274,2,"Dense",10,"relu"
1,2,0.47429999709129333,25.17255425453186,0.4617137199640274,3,"Dense",27,"relu"
1,2,0.47429999709129333,25.17255425453186,0.4617137199640274,4,"Dense",13,"relu"
1,2,0.47429999709129333,25.17255425453186,0.4617137199640274,5,"Dense",16,"relu"
1,2,0.47429999709129333,25.17255425453186,0.4617137199640274,7,"Dense",10,"softmax"
1,3,0.4713999927043915,18.23314905166626,0.46228341817855834,2,"Dense",17,"relu"
1,3,0.4713999927043915,18.23314905166626,0.46228341817855834,3,"Dense",27,"relu"
1,3,0.4713999927043915,18.23314905166626,0.46228341817855834,4,"Dense",8,"relu"
1,3,0.4713999927043915,18.23314905166626,0.46228341817855834,5,"Dense",10,"softmax"
1,4,0.4214000105857849,16.182785272598267,0.41330861794948576,2,"Dense",17,"relu"
1,4,0.4214000105857849,16.182785272598267,0.41330861794948576,3,"Dense",25,"relu"
1,4,0.4214000105857849,16.182785272598267,0.41330861794948576,5,"Dense",21,"relu"
1,4,0.4214000105857849,16.182785272598267,0.41330861794948576,7,"Dense",10,"softmax"
1,5,0.4772999882698059,45.855637073516846,0.4543721697330475,2,"Dense",13,"relu"
1,5,0.4772999882698059,45.855637073516846,0.4543721697330475,3,"Dense",27,"relu"
1,5,0.4772999882698059,45.855637073516846,0.4543721697330475,4,"Dense",9,"relu"
1,5,0.4772999882698059,45.855637073516846,0.4543721697330475,5,"Dense",10,"softmax"
1,6,0.47679999470710754,51.35207962989807,0.4511239548921585,2,"Dense",13,"relu"
1,6,0.47679999470710754,51.35207962989807,0.4511239548921585,3,"Dense",27,"relu"
1,6,0.47679999470710754,51.35207962989807,0.4511239548921585,4,"Dense",8,"relu"
1,6,0.47679999470710754,51.35207962989807,0.4511239548921585,5,"Dense",20,"relu"
1,6,0.47679999470710754,51.35207962989807,0.4511239548921585,7,"Dense",10,"softmax"
1,7,0.43220001459121704,15.96493935585022,0.42421754491329194,2,"Dense",20,"relu"
1,7,0.43220001459121704,15.96493935585022,0.42421754491329194,3,"Dense",32,"relu"
1,7,0.43220001459121704,15.96493935585022,0.42421754491329194,5,"Dense",10,"softmax"
2,0,0.48829999566078186,18.373331308364868,0.47911333000659945,2,"Dense",16,"relu"
2,0,0.48829999566078186,18.373331308364868,0.47911333000659945,3,"Dense",28,"relu"
2,0,0.48829999566078186,18.373331308364868,0.47911333000659945,4,"Dense",8,"relu"
2,0,0.48829999566078186,18.373331308364868,0.47911333000659945,5,"Dense",20,"relu"
2,0,0.48829999566078186,18.373331308364868,0.47911333000659945,7,"Dense",10,"softmax"
2,1,0.48579999804496765,49.199376344680786,0.4612003098726273,2,"Dense",11,"relu"
2,1,0.48579999804496765,49.199376344680786,0.4612003098726273,3,"Dense",32,"relu"
2,1,0.48579999804496765,49.199376344680786,0.4612003098726273,4,"Dense",13,"relu"
2,1,0.48579999804496765,49.199376344680786,0.4612003098726273,5,"Dense",10,"softmax"
2,2,0.39320001006126404,48.13280010223389,0.3691336100101471,2,"Dense",14,"relu"
2,2,0.39320001006126404,48.13280010223389,0.3691336100101471,3,"Dense",32,"relu"
2,2,0.39320001006126404,48.13280010223389,0.3691336100101471,4,"Dense",17,"relu"
2,2,0.39320001006126404,48.13280010223389,0.3691336100101471,5,"Dense",16,"relu"
2,2,0.39320001006126404,48.13280010223389,0.3691336100101471,7,"Dense",10,"relu"
2,2,0.39320001006126404,48.13280010223389,0.3691336100101471,8,"Dense",10,"softmax"
2,3,0.46939998865127563,47.82170081138611,0.44548913824558256,2,"Dense",17,"relu"
2,3,0.46939998865127563,47.82170081138611,0.44548913824558256,3,"Dense",21,"relu"
2,3,0.46939998865127563,47.82170081138611,0.44548913824558256,4,"Dense",12,"relu"
2,3,0.46939998865127563,47.82170081138611,0.44548913824558256,5,"Dense",10,"softmax"
2,4,0.4657000005245209,24.371535301208496,0.4535142328739166,2,"Dense",13,"relu"
2,4,0.4657000005245209,24.371535301208496,0.4535142328739166,3,"Dense",28,"relu"
2,4,0.4657000005245209,24.371535301208496,0.4535142328739166,4,"Dense",17,"relu"
2,4,0.4657000005245209,24.371535301208496,0.4535142328739166,5,"Dense",24,"relu"
2,4,0.4657000005245209,24.371535301208496,0.4535142328739166,7,"Dense",10,"softmax"
2,5,0.45159998536109924,16.584080696105957,0.44330794501304627,2,"Dense",11,"relu"
2,5,0.45159998536109924,16.584080696105957,0.44330794501304627,3,"Dense",27,"relu"
2,5,0.45159998536109924,16.584080696105957,0.44330794501304627,4,"Dense",8,"relu"
2,5,0.45159998536109924,16.584080696105957,0.44330794501304627,5,"Dense",10,"softmax"
2,6,0.5062000155448914,17.446656942367554,0.49747668707370757,2,"Dense",13,"relu"
2,6,0.5062000155448914,17.446656942367554,0.49747668707370757,3,"Dense",27,"relu"
2,6,0.5062000155448914,17.446656942367554,0.49747668707370757,4,"Dense",11,"relu"
2,6,0.5062000155448914,17.446656942367554,0.49747668707370757,5,"Dense",10,"softmax"
2,7,0.461899995803833,59.065717697143555,0.43236713695526124,2,"Dense",15,"relu"
2,7,0.461899995803833,59.065717697143555,0.43236713695526124,3,"Dense",32,"relu"
2,7,0.461899995803833,59.065717697143555,0.43236713695526124,4,"Dense",17,"relu"
2,7,0.461899995803833,59.065717697143555,0.43236713695526124,5,"Dense",22,"relu"
2,7,0.461899995803833,59.065717697143555,0.43236713695526124,7,"Dense",10,"softmax"
3,0,0.46399998664855957,60.75199770927429,0.4336239877939224,2,"Dense",19,"relu"
3,0,0.46399998664855957,60.75199770927429,0.4336239877939224,3,"Dense",32,"relu"
3,0,0.46399998664855957,60.75199770927429,0.4336239877939224,4,"Dense",17,"relu"
3,0,0.46399998664855957,60.75199770927429,0.4336239877939224,5,"Dense",23,"relu"
3,0,0.46399998664855957,60.75199770927429,0.4336239877939224,7,"Dense",10,"softmax"
3,1,0.48649999499320984,51.38421678543091,0.4608078866004944,2,"Dense",12,"relu"
3,1,0.48649999499320984,51.38421678543091,0.4608078866004944,3,"Dense",30,"relu"
3,1,0.48649999499320984,51.38421678543091,0.4608078866004944,4,"Dense",13,"relu"
3,1,0.48649999499320984,51.38421678543091,0.4608078866004944,5,"Dense",10,"softmax"
3,2,0.46219998598098755,25.60325860977173,0.4493983566761017,2,"Dense",15,"relu"
3,2,0.46219998598098755,25.60325860977173,0.4493983566761017,3,"Dense",32,"relu"
3,2,0.46219998598098755,25.60325860977173,0.4493983566761017,4,"Dense",13,"relu"
3,2,0.46219998598098755,25.60325860977173,0.4493983566761017,5,"Dense",22,"relu"
3,2,0.46219998598098755,25.60325860977173,0.4493983566761017,7,"Dense",10,"softmax"
3,3,0.48840001225471497,52.1863067150116,0.4623068588972092,2,"Dense",21,"relu"
3,3,0.48840001225471497,52.1863067150116,0.4623068588972092,3,"Dense",21,"relu"
3,3,0.48840001225471497,52.1863067150116,0.4623068588972092,4,"Dense",12,"relu"
3,3,0.48840001225471497,52.1863067150116,0.4623068588972092,5,"Dense",10,"softmax"
3,4,0.48190000653266907,50.03652000427246,0.4568817465305328,2,"Dense",18,"relu"
3,4,0.48190000653266907,50.03652000427246,0.4568817465305328,3,"Dense",31,"relu"
3,4,0.48190000653266907,50.03652000427246,0.4568817465305328,4,"Dense",13,"relu"
3,4,0.48190000653266907,50.03652000427246,0.4568817465305328,5,"Dense",20,"relu"
3,4,0.48190000653266907,50.03652000427246,0.4568817465305328,7,"Dense",10,"softmax"
3,5,0.4781000018119812,16.96038579940796,0.4696198089122772,2,"Dense",17,"relu"
3,5,0.4781000018119812,16.96038579940796,0.4696198089122772,3,"Dense",21,"relu"
3,5,0.4781000018119812,16.96038579940796,0.4696198089122772,4,"Dense",8,"relu"
3,5,0.4781000018119812,16.96038579940796,0.4696198089122772,5,"Dense",10,"softmax"
3,6,0.45840001106262207,55.813851833343506,0.4304930851459503,2,"Dense",17,"relu"
3,6,0.45840001106262207,55.813851833343506,0.4304930851459503,3,"Dense",24,"relu"
3,6,0.45840001106262207,55.813851833343506,0.4304930851459503,4,"Dense",13,"relu"
3,6,0.45840001106262207,55.813851833343506,0.4304930851459503,5,"Dense",21,"relu"
3,6,0.45840001106262207,55.813851833343506,0.4304930851459503,6,"Dense",23,"relu"
3,6,0.45840001106262207,55.813851833343506,0.4304930851459503,7,"Dense",10,"softmax"
3,7,0.4749000072479248,56.79480004310608,0.44650260722637175,2,"Dense",18,"relu"
3,7,0.4749000072479248,56.79480004310608,0.44650260722637175,3,"Dense",32,"relu"
3,7,0.4749000072479248,56.79480004310608,0.44650260722637175,4,"Dense",8,"relu"
3,7,0.4749000072479248,56.79480004310608,0.44650260722637175,5,"Dense",25,"relu"
3,7,0.4749000072479248,56.79480004310608,0.44650260722637175,7,"Dense",10,"softmax"
4,0,0.4984000027179718,55.56310772895813,0.47061844885349274,2,"Dense",18,"relu"
4,0,0.4984000027179718,55.56310772895813,0.47061844885349274,3,"Dense",32,"relu"
4,0,0.4984000027179718,55.56310772895813,0.47061844885349274,4,"Dense",13,"relu"
4,0,0.4984000027179718,55.56310772895813,0.47061844885349274,5,"Dense",10,"softmax"
4,1,0.4489000141620636,19.70081901550293,0.43904960465431214,2,"Dense",17,"relu"
4,1,0.4489000141620636,19.70081901550293,0.43904960465431214,3,"Dense",22,"relu"
4,1,0.4489000141620636,19.70081901550293,0.43904960465431214,4,"Dense",8,"relu"
4,1,0.4489000141620636,19.70081901550293,0.43904960465431214,5,"Dense",10,"softmax"
4,2,0.48829999566078186,52.208574533462524,0.4621957083940506,2,"Dense",17,"relu"
4,2,0.48829999566078186,52.208574533462524,0.4621957083940506,3,"Dense",32,"relu"
4,2,0.48829999566078186,52.208574533462524,0.4621957083940506,4,"Dense",13,"relu"
4,2,0.48829999566078186,52.208574533462524,0.4621957083940506,5,"Dense",10,"softmax"
4,3,0.46790000796318054,17.266839742660522,0.4592665880918503,2,"Dense",17,"relu"
4,3,0.46790000796318054,17.266839742660522,0.4592665880918503,3,"Dense",24,"relu"
4,3,0.46790000796318054,17.266839742660522,0.4592665880918503,4,"Dense",8,"relu"
4,3,0.46790000796318054,17.266839742660522,0.4592665880918503,5,"Dense",10,"softmax"
4,4,0.4966999888420105,17.97195267677307,0.48771401250362395,2,"Dense",11,"relu"
4,4,0.4966999888420105,17.97195267677307,0.48771401250362395,3,"Dense",27,"relu"
4,4,0.4966999888420105,17.97195267677307,0.48771401250362395,4,"Dense",8,"relu"
4,4,0.4966999888420105,17.97195267677307,0.48771401250362395,5,"Dense",10,"softmax"
4,5,0.49000000953674316,18.0424907207489,0.4809787641763687,2,"Dense",17,"relu"
4,5,0.49000000953674316,18.0424907207489,0.4809787641763687,3,"Dense",26,"relu"
4,5,0.49000000953674316,18.0424907207489,0.4809787641763687,4,"Dense",8,"relu"
4,5,0.49000000953674316,18.0424907207489,0.4809787641763687,5,"Dense",10,"softmax"
4,6,0.4871000051498413,64.57413530349731,0.45481293749809265,2,"Dense",25,"relu"
4,6,0.4871000051498413,64.57413530349731,0.45481293749809265,3,"Dense",30,"relu"
4,6,0.4871000051498413,64.57413530349731,0.45481293749809265,4,"Dense",15,"relu"
4,6,0.4871000051498413,64.57413530349731,0.45481293749809265,5,"Dense",10,"softmax"
4,7,0.4724999964237213,18.08759379386902,0.4634561995267868,2,"Dense",14,"relu"
4,7,0.4724999964237213,18.08759379386902,0.4634561995267868,3,"Dense",22,"relu"
4,7,0.4724999964237213,18.08759379386902,0.4634561995267868,4,"Dense",9,"relu"
4,7,0.4724999964237213,18.08759379386902,0.4634561995267868,5,"Dense",10,"softmax"
5,0,0.40860000252723694,18.637160062789917,0.399281422495842,2,"Dense",14,"relu"
5,0,0.40860000252723694,18.637160062789917,0.399281422495842,3,"Dense",22,"relu"
5,0,0.40860000252723694,18.637160062789917,0.399281422495842,4,"Dense",8,"relu"
5,0,0.40860000252723694,18.637160062789917,0.399281422495842,5,"Dense",10,"softmax"
5,1,0.48579999804496765,72.21531653404236,0.4496923397779465,2,"Dense",18,"relu"
5,1,0.48579999804496765,72.21531653404236,0.4496923397779465,3,"Dense",31,"relu"
5,1,0.48579999804496765,72.21531653404236,0.4496923397779465,4,"Dense",13,"relu"
5,1,0.48579999804496765,72.21531653404236,0.4496923397779465,5,"Dense",10,"softmax"
5,2,0.4562999904155731,18.714760303497314,0.4469426102638245,2,"Dense",17,"relu"
5,2,0.4562999904155731,18.714760303497314,0.4469426102638245,3,"Dense",25,"relu"
5,2,0.4562999904155731,18.714760303497314,0.4469426102638245,4,"Dense",8,"relu"
5,2,0.4562999904155731,18.714760303497314,0.4469426102638245,5,"Dense",10,"softmax"
5,3,0.49160000681877136,18.25277280807495,0.4824736204147339,2,"Dense",18,"relu"
5,3,0.49160000681877136,18.25277280807495,0.4824736204147339,3,"Dense",32,"relu"
5,3,0.49160000681877136,18.25277280807495,0.4824736204147339,4,"Dense",9,"relu"
5,3,0.49160000681877136,18.25277280807495,0.4824736204147339,5,"Dense",10,"softmax"
5,4,0.49939998984336853,17.547672271728516,0.4906261537075043,2,"Dense",15,"relu"
5,4,0.49939998984336853,17.547672271728516,0.4906261537075043,3,"Dense",22,"relu"
5,4,0.49939998984336853,17.547672271728516,0.4906261537075043,4,"Dense",9,"relu"
5,4,0.49939998984336853,17.547672271728516,0.4906261537075043,5,"Dense",10,"softmax"
5,5,0.4722999930381775,74.1417305469513,0.43522912776470185,2,"Dense",18,"relu"
5,5,0.4722999930381775,74.1417305469513,0.43522912776470185,3,"Dense",22,"relu"
5,5,0.4722999930381775,74.1417305469513,0.43522912776470185,4,"Dense",11,"relu"
5,5,0.4722999930381775,74.1417305469513,0.43522912776470185,5,"Dense",19,"relu"
5,5,0.4722999930381775,74.1417305469513,0.43522912776470185,7,"Dense",30,"relu"
5,5,0.4722999930381775,74.1417305469513,0.43522912776470185,8,"Dense",10,"softmax"
5,6,0.44290000200271606,20.834725856781006,0.43248263907432555,2,"Dense",15,"relu"
5,6,0.44290000200271606,20.834725856781006,0.43248263907432555,3,"Dense",19,"relu"
5,6,0.44290000200271606,20.834725856781006,0.43248263907432555,4,"Dense",8,"relu"
5,6,0.44290000200271606,20.834725856781006,0.43248263907432555,5,"Dense",10,"softmax"
5,7,0.4652000069618225,59.12720084190369,0.43563640654087066,2,"Dense",10,"relu"
5,7,0.4652000069618225,59.12720084190369,0.43563640654087066,3,"Dense",32,"relu"
5,7,0.4652000069618225,59.12720084190369,0.43563640654087066,4,"Dense",10,"relu"
5,7,0.4652000069618225,59.12720084190369,0.43563640654087066,5,"Dense",10,"softmax"
6,0,0.35249999165534973,28.138767957687378,0.33843060767650607,2,"Dense",8,"relu"
6,0,0.35249999165534973,28.138767957687378,0.33843060767650607,3,"Dense",31,"relu"
6,0,0.35249999165534973,28.138767957687378,0.33843060767650607,4,"Dense",10,"relu"
6,0,0.35249999165534973,28.138767957687378,0.33843060767650607,5,"Dense",10,"softmax"
6,1,0.40709999203681946,69.34105944633484,0.37242946231365204,2,"Dense",15,"relu"
6,1,0.40709999203681946,69.34105944633484,0.37242946231365204,3,"Dense",31,"relu"
6,1,0.40709999203681946,69.34105944633484,0.37242946231365204,4,"Dense",13,"relu"
6,1,0.40709999203681946,69.34105944633484,0.37242946231365204,5,"Dense",10,"softmax"
6,2,0.10000000149011612,58.40679121017456,0.07079660588502884,2,"Dense",10,"relu"
6,2,0.10000000149011612,58.40679121017456,0.07079660588502884,3,"Dense",32,"relu"
6,2,0.10000000149011612,58.40679121017456,0.07079660588502884,4,"Dense",8,"relu"
6,2,0.10000000149011612,58.40679121017456,0.07079660588502884,5,"Dense",10,"softmax"
6,3,0.48260000348091125,66.39365816116333,0.4494031744003296,2,"Dense",20,"relu"
6,3,0.48260000348091125,66.39365816116333,0.4494031744003296,3,"Dense",30,"relu"
6,3,0.48260000348091125,66.39365816116333,0.4494031744003296,4,"Dense",13,"relu"
6,3,0.48260000348091125,66.39365816116333,0.4494031744003296,5,"Dense",10,"softmax"
6,4,0.44290000200271606,71.43747448921204,0.40718126475811006,2,"Dense",11,"relu"
6,4,0.44290000200271606,71.43747448921204,0.40718126475811006,3,"Dense",32,"relu"
6,4,0.44290000200271606,71.43747448921204,0.40718126475811006,4,"Dense",9,"relu"
6,4,0.44290000200271606,71.43747448921204,0.40718126475811006,5,"Dense",10,"softmax"
6,5,0.5153999924659729,28.59500741958618,0.5011024887561798,2,"Dense",18,"relu"
6,5,0.5153999924659729,28.59500741958618,0.5011024887561798,3,"Dense",31,"relu"
6,5,0.5153999924659729,28.59500741958618,0.5011024887561798,4,"Dense",10,"relu"
6,5,0.5153999924659729,28.59500741958618,0.5011024887561798,5,"Dense",10,"softmax"
6,6,0.47870001196861267,74.69061994552612,0.4413547019958496,2,"Dense",10,"relu"
6,6,0.47870001196861267,74.69061994552612,0.4413547019958496,3,"Dense",31,"relu"
6,6,0.47870001196861267,74.69061994552612,0.4413547019958496,4,"Dense",10,"relu"
6,6,0.47870001196861267,74.69061994552612,0.4413547019958496,5,"Dense",10,"softmax"
6,7,0.5023000240325928,75.22076416015625,0.46468964195251466,2,"Dense",22,"relu"
6,7,0.5023000240325928,75.22076416015625,0.46468964195251466,3,"Dense",27,"relu"
6,7,0.5023000240325928,75.22076416015625,0.46468964195251466,4,"Dense",11,"relu"
6,7,0.5023000240325928,75.22076416015625,0.46468964195251466,5,"Dense",10,"softmax"
7,0,0.34610000252723694,77.17513346672058,0.30751243579387666,2,"Dense",13,"relu"
7,0,0.34610000252723694,77.17513346672058,0.30751243579387666,3,"Dense",32,"relu"
7,0,0.34610000252723694,77.17513346672058,0.30751243579387666,4,"Dense",14,"relu"
7,0,0.34610000252723694,77.17513346672058,0.30751243579387666,5,"Dense",14,"relu"
7,0,0.34610000252723694,77.17513346672058,0.30751243579387666,6,"Dense",10,"softmax"
7,1,0.21639999747276306,48.28222155570984,0.19225888669490815,2,"Dense",14,"relu"
7,1,0.21639999747276306,48.28222155570984,0.19225888669490815,3,"Dense",31,"relu"
7,1,0.21639999747276306,48.28222155570984,0.19225888669490815,4,"Dense",10,"relu"
7,1,0.21639999747276306,48.28222155570984,0.19225888669490815,5,"Dense",23,"relu"
7,1,0.21639999747276306,48.28222155570984,0.19225888669490815,6,"Dense",10,"softmax"
7,2,0.4934999942779541,76.56508088111877,0.4552174538373947,2,"Dense",10,"relu"
7,2,0.4934999942779541,76.56508088111877,0.4552174538373947,3,"Dense",26,"relu"
7,2,0.4934999942779541,76.56508088111877,0.4552174538373947,4,"Dense",10,"relu"
7,2,0.4934999942779541,76.56508088111877,0.4552174538373947,5,"Dense",10,"softmax"
7,3,0.47760000824928284,86.92295503616333,0.4341385307312012,2,"Dense",10,"relu"
7,3,0.47760000824928284,86.92295503616333,0.4341385307312012,3,"Dense",26,"relu"
7,3,0.47760000824928284,86.92295503616333,0.4341385307312012,4,"Dense",12,"relu"
7,3,0.47760000824928284,86.92295503616333,0.4341385307312012,5,"Dense",10,"softmax"
7,4,0.41130000352859497,77.77488684654236,0.3724125601053238,2,"Dense",11,"relu"
7,4,0.41130000352859497,77.77488684654236,0.3724125601053238,3,"Dense",32,"relu"
7,4,0.41130000352859497,77.77488684654236,0.3724125601053238,4,"Dense",8,"relu"
7,4,0.41130000352859497,77.77488684654236,0.3724125601053238,5,"Dense",10,"softmax"
7,5,0.3682999908924103,75.84606575965881,0.3303769580125809,2,"Dense",15,"relu"
7,5,0.3682999908924103,75.84606575965881,0.3303769580125809,3,"Dense",31,"relu"
7,5,0.3682999908924103,75.84606575965881,0.3303769580125809,4,"Dense",11,"relu"
7,5,0.3682999908924103,75.84606575965881,0.3303769580125809,5,"Dense",10,"softmax"
7,6,0.48899999260902405,18.00591015815735,0.4799970375299454,2,"Dense",16,"relu"
7,6,0.48899999260902405,18.00591015815735,0.4799970375299454,3,"Dense",32,"relu"
7,6,0.48899999260902405,18.00591015815735,0.4799970375299454,4,"Dense",13,"relu"
7,6,0.48899999260902405,18.00591015815735,0.4799970375299454,5,"Dense",10,"softmax"
7,7,0.438400000333786,59.057518005371094,0.4088712413311005,2,"Dense",10,"relu"
7,7,0.438400000333786,59.057518005371094,0.4088712413311005,3,"Dense",31,"relu"
7,7,0.438400000333786,59.057518005371094,0.4088712413311005,4,"Dense",8,"relu"
7,7,0.438400000333786,59.057518005371094,0.4088712413311005,5,"Dense",10,"softmax"
8,0,0.45210000872612,18.590885877609253,0.44280456578731536,2,"Dense",10,"relu"
8,0,0.45210000872612,18.590885877609253,0.44280456578731536,3,"Dense",32,"relu"
8,0,0.45210000872612,18.590885877609253,0.44280456578731536,4,"Dense",12,"relu"
8,0,0.45210000872612,18.590885877609253,0.44280456578731536,5,"Dense",11,"relu"
8,0,0.45210000872612,18.590885877609253,0.44280456578731536,6,"Dense",10,"softmax"
8,1,0.3991999924182892,46.85572624206543,0.37577212929725645,2,"Dense",11,"relu"
8,1,0.3991999924182892,46.85572624206543,0.37577212929725645,3,"Dense",32,"relu"
8,1,0.3991999924182892,46.85572624206543,0.37577212929725645,4,"Dense",14,"relu"
8,1,0.3991999924182892,46.85572624206543,0.37577212929725645,5,"Dense",12,"relu"
8,1,0.3991999924182892,46.85572624206543,0.37577212929725645,6,"Dense",10,"softmax"
8,2,0.34310001134872437,77.38887119293213,0.3044055757522583,2,"Dense",18,"relu"
8,2,0.34310001134872437,77.38887119293213,0.3044055757522583,3,"Dense",32,"relu"
8,2,0.34310001134872437,77.38887119293213,0.3044055757522583,4,"Dense",12,"relu"
8,2,0.34310001134872437,77.38887119293213,0.3044055757522583,5,"Dense",14,"relu"
8,2,0.34310001134872437,77.38887119293213,0.3044055757522583,6,"Dense",10,"softmax"
8,3,0.4805999994277954,94.38175082206726,0.4334091240167618,2,"Dense",14,"relu"
8,3,0.4805999994277954,94.38175082206726,0.4334091240167618,3,"Dense",29,"relu"
8,3,0.4805999994277954,94.38175082206726,0.4334091240167618,4,"Dense",8,"relu"
8,3,0.4805999994277954,94.38175082206726,0.4334091240167618,5,"Dense",10,"softmax"
8,4,0.45019999146461487,93.29946851730347,0.40355025720596316,2,"Dense",8,"relu"
8,4,0.45019999146461487,93.29946851730347,0.40355025720596316,3,"Dense",24,"relu"
8,4,0.45019999146461487,93.29946851730347,0.40355025720596316,4,"Dense",12,"relu"
8,4,0.45019999146461487,93.29946851730347,0.40355025720596316,5,"Dense",14,"relu"
8,4,0.45019999146461487,93.29946851730347,0.40355025720596316,6,"Dense",10,"softmax"
8,5,0.42089998722076416,83.04625296592712,0.3793768607378006,2,"Dense",11,"relu"
8,5,0.42089998722076416,83.04625296592712,0.3793768607378006,3,"Dense",32,"relu"
8,5,0.42089998722076416,83.04625296592712,0.3793768607378006,4,"Dense",12,"relu"
8,5,0.42089998722076416,83.04625296592712,0.3793768607378006,5,"Dense",12,"relu"
8,5,0.42089998722076416,83.04625296592712,0.3793768607378006,6,"Dense",10,"softmax"
8,6,0.5175999999046326,101.05401253700256,0.4670729936361313,2,"Dense",13,"relu"
8,6,0.5175999999046326,101.05401253700256,0.4670729936361313,3,"Dense",32,"relu"
8,6,0.5175999999046326,101.05401253700256,0.4670729936361313,4,"Dense",12,"relu"
8,6,0.5175999999046326,101.05401253700256,0.4670729936361313,5,"Dense",10,"softmax"
8,7,0.4731999933719635,82.5152051448822,0.4319423907995224,2,"Dense",18,"relu"
8,7,0.4731999933719635,82.5152051448822,0.4319423907995224,3,"Dense",32,"relu"
8,7,0.4731999933719635,82.5152051448822,0.4319423907995224,4,"Dense",14,"relu"
8,7,0.4731999933719635,82.5152051448822,0.4319423907995224,5,"Dense",18,"relu"
8,7,0.4731999933719635,82.5152051448822,0.4319423907995224,6,"Dense",10,"softmax"
9,0,0.484499990940094,106.69596886634827,0.43115200650691987,2,"Dense",18,"relu"
9,0,0.484499990940094,106.69596886634827,0.43115200650691987,3,"Dense",24,"relu"
9,0,0.484499990940094,106.69596886634827,0.43115200650691987,4,"Dense",15,"relu"
9,0,0.484499990940094,106.69596886634827,0.43115200650691987,5,"Dense",18,"relu"
9,0,0.484499990940094,106.69596886634827,0.43115200650691987,6,"Dense",10,"softmax"
9,1,0.22779999673366547,24.164161443710327,0.2157179160118103,2,"Dense",12,"relu"
9,1,0.22779999673366547,24.164161443710327,0.2157179160118103,3,"Dense",32,"relu"
9,1,0.22779999673366547,24.164161443710327,0.2157179160118103,4,"Dense",14,"relu"
9,1,0.22779999673366547,24.164161443710327,0.2157179160118103,5,"Dense",13,"relu"
9,1,0.22779999673366547,24.164161443710327,0.2157179160118103,6,"Dense",10,"softmax"
9,2,0.3853999972343445,86.13262557983398,0.34233368444442747,2,"Dense",8,"relu"
9,2,0.3853999972343445,86.13262557983398,0.34233368444442747,3,"Dense",32,"relu"
9,2,0.3853999972343445,86.13262557983398,0.34233368444442747,4,"Dense",12,"relu"
9,2,0.3853999972343445,86.13262557983398,0.34233368444442747,5,"Dense",12,"relu"
9,2,0.3853999972343445,86.13262557983398,0.34233368444442747,6,"Dense",10,"softmax"
9,3,0.4242999851703644,80.32132411003113,0.3841393231153488,2,"Dense",18,"relu"
9,3,0.4242999851703644,80.32132411003113,0.3841393231153488,3,"Dense",32,"relu"
9,3,0.4242999851703644,80.32132411003113,0.3841393231153488,4,"Dense",14,"relu"
9,3,0.4242999851703644,80.32132411003113,0.3841393231153488,5,"Dense",20,"relu"
9,3,0.4242999851703644,80.32132411003113,0.3841393231153488,6,"Dense",10,"softmax"
9,4,0.4544999897480011,23.10696053504944,0.44294650948047637,2,"Dense",10,"relu"
9,4,0.4544999897480011,23.10696053504944,0.44294650948047637,3,"Dense",32,"relu"
9,4,0.4544999897480011,23.10696053504944,0.44294650948047637,4,"Dense",12,"relu"
9,4,0.4544999897480011,23.10696053504944,0.44294650948047637,5,"Dense",14,"relu"
9,4,0.4544999897480011,23.10696053504944,0.44294650948047637,6,"Dense",10,"softmax"
9,5,0.44279998540878296,51.15319466590881,0.41722338807582854,2,"Dense",13,"relu"
9,5,0.44279998540878296,51.15319466590881,0.41722338807582854,3,"Dense",31,"relu"
9,5,0.44279998540878296,51.15319466590881,0.41722338807582854,4,"Dense",8,"relu"
9,5,0.44279998540878296,51.15319466590881,0.41722338807582854,5,"Dense",12,"relu"
9,5,0.44279998540878296,51.15319466590881,0.41722338807582854,6,"Dense",10,"softmax"
9,6,0.4050999879837036,30.944570064544678,0.3896277029514313,2,"Dense",11,"relu"
9,6,0.4050999879837036,30.944570064544678,0.3896277029514313,3,"Dense",24,"relu"
9,6,0.4050999879837036,30.944570064544678,0.3896277029514313,4,"Dense",8,"relu"
9,6,0.4050999879837036,30.944570064544678,0.3896277029514313,5,"Dense",13,"relu"
9,6,0.4050999879837036,30.944570064544678,0.3896277029514313,6,"Dense",10,"softmax"
9,7,0.5034000277519226,93.5459291934967,0.45662706315517426,2,"Dense",22,"relu"
9,7,0.5034000277519226,93.5459291934967,0.45662706315517426,3,"Dense",28,"relu"
9,7,0.5034000277519226,93.5459291934967,0.45662706315517426,4,"Dense",8,"relu"
9,7,0.5034000277519226,93.5459291934967,0.45662706315517426,5,"Dense",18,"relu"
9,7,0.5034000277519226,93.5459291934967,0.45662706315517426,6,"Dense",10,"softmax"
10,0,0.4481000006198883,72.42664980888367,0.41188667571544646,2,"Dense",26,"relu"
10,0,0.4481000006198883,72.42664980888367,0.41188667571544646,3,"Dense",32,"relu"
10,0,0.4481000006198883,72.42664980888367,0.41188667571544646,4,"Dense",8,"relu"
10,0,0.4481000006198883,72.42664980888367,0.41188667571544646,5,"Dense",18,"relu"
10,0,0.4481000006198883,72.42664980888367,0.41188667571544646,6,"Dense",10,"softmax"
10,1,0.515999972820282,84.12365484237671,0.4739381453990936,2,"Dense",18,"relu"
10,1,0.515999972820282,84.12365484237671,0.4739381453990936,3,"Dense",31,"relu"
10,1,0.515999972820282,84.12365484237671,0.4739381453990936,4,"Dense",15,"relu"
10,1,0.515999972820282,84.12365484237671,0.4739381453990936,5,"Dense",19,"relu"
10,1,0.515999972820282,84.12365484237671,0.4739381453990936,6,"Dense",10,"softmax"
10,2,0.4627000093460083,27.222590923309326,0.4490887138843536,2,"Dense",21,"relu"
10,2,0.4627000093460083,27.222590923309326,0.4490887138843536,3,"Dense",32,"relu"
10,2,0.4627000093460083,27.222590923309326,0.4490887138843536,4,"Dense",8,"relu"
10,2,0.4627000093460083,27.222590923309326,0.4490887138843536,5,"Dense",18,"relu"
10,2,0.4627000093460083,27.222590923309326,0.4490887138843536,6,"Dense",10,"softmax"
10,3,0.515999972820282,87.57593035697937,0.4722120076417923,2,"Dense",22,"relu"
10,3,0.515999972820282,87.57593035697937,0.4722120076417923,3,"Dense",28,"relu"
10,3,0.515999972820282,87.57593035697937,0.4722120076417923,4,"Dense",17,"relu"
10,3,0.515999972820282,87.57593035697937,0.4722120076417923,5,"Dense",22,"relu"
10,3,0.515999972820282,87.57593035697937,0.4722120076417923,6,"Dense",10,"softmax"
10,4,0.47850000858306885,92.35561299324036,0.43232220208644867,2,"Dense",22,"relu"
10,4,0.47850000858306885,92.35561299324036,0.43232220208644867,3,"Dense",32,"relu"
10,4,0.47850000858306885,92.35561299324036,0.43232220208644867,4,"Dense",12,"relu"
10,4,0.47850000858306885,92.35561299324036,0.43232220208644867,5,"Dense",20,"relu"
10,4,0.47850000858306885,92.35561299324036,0.43232220208644867,6,"Dense",10,"softmax"
10,5,0.48100000619888306,91.00526762008667,0.43549737238883973,2,"Dense",18,"relu"
10,5,0.48100000619888306,91.00526762008667,0.43549737238883973,3,"Dense",31,"relu"
10,5,0.48100000619888306,91.00526762008667,0.43549737238883973,4,"Dense",15,"relu"
10,5,0.48100000619888306,91.00526762008667,0.43549737238883973,5,"Dense",18,"relu"
10,5,0.48100000619888306,91.00526762008667,0.43549737238883973,6,"Dense",10,"softmax"
10,6,0.3578999936580658,108.36211156845093,0.3037189378738403,2,"Dense",18,"relu"
10,6,0.3578999936580658,108.36211156845093,0.3037189378738403,3,"Dense",31,"relu"
10,6,0.3578999936580658,108.36211156845093,0.3037189378738403,4,"Dense",13,"relu"
10,6,0.3578999936580658,108.36211156845093,0.3037189378738403,5,"Dense",18,"relu"
10,6,0.3578999936580658,108.36211156845093,0.3037189378738403,6,"Dense",10,"softmax"
10,7,0.43869999051094055,75.39700174331665,0.4010014896392822,2,"Dense",30,"relu"
10,7,0.43869999051094055,75.39700174331665,0.4010014896392822,3,"Dense",32,"relu"
10,7,0.43869999051094055,75.39700174331665,0.4010014896392822,4,"Dense",14,"relu"
10,7,0.43869999051094055,75.39700174331665,0.4010014896392822,5,"Dense",22,"relu"
10,7,0.43869999051094055,75.39700174331665,0.4010014896392822,6,"Dense",10,"softmax"
